solvent_id,name_cosmobase,name_biosteam,cas,bp,th,price,EVOH-RT,EVOH-TH,LDPE-RT,LDPE-TH,PET-RT,PET-TH,PP-RT,PP-TH,PS-RT,PS-TH,PVC-RT,PVC-TH,N6-RT,N6-TH,N66-RT,N66-TH,PC-RT,PC-TH,HDPE-RT,HDPE-TH
0,methanol,methanol,67-56-1,64.6,63.6,524,0.019638,0.835944,0.0046388,0.126187,5.77E-06,0.000866969,0.0120756,0.101574,0.0019558,0.0377158,0.0993088,0.806893,0.0156831,0.251037,0.0063237,0.108351,6.85E-06,0.00067371,4.01E-05,0.00756184
1,ch2cl2,ch2cl2,75-09-2,40,39,840,0.000326203,0.00238234,0.0194024,0.0702077,0.331982,0.815363,0.234714,0.533229,4.62424,8.45342,2.70167,4.61247,0.858131,1.69228,0.238529,0.512779,3.18919,6.00027,0.000167638,0.00129279
2,glycol,glycol,107-21-1,197.3,120,559,0.00341365,10.6063,0.000494141,0.937348,4.76E-08,0.00425702,0.000363708,0.0803602,8.82E-06,0.0197134,0.0120086,1.58107,0.00091578,0.403629,0.000336095,0.169559,5.83E-09,0.000559266,4.27E-06,0.470595
3,propanone,propanone,67-64-1,56,55,1140,0.0103445,0.225191,0.0277689,0.336457,0.0677364,0.745048,0.318495,1.3657,9.16065,21.3194,10.871,19.8281,0.0145867,0.185387,0.00755658,0.0923072,3.52511,12.3303,0.000240082,0.0136234
4,2-propanol,2-propanol,67-63-0,82.3,81.3,1360,0.00714268,1.36842,0.0186895,1.63348,1.92E-05,0.0187989,0.14455,2.33005,0.0211934,1.20697,0.152234,2.923,0.0178774,0.983724,0.00786748,0.431013,0.000105492,0.0531429,0.000161557,0.203064
5,propanol,propanol,71-23-8,97.2,96.2,1520,0.00696417,4.11561,0.0176282,4.22102,1.96E-05,0.0839479,0.131457,4.07252,0.0188373,2.78339,0.145981,5.43392,0.0240765,2.56751,0.0104503,1.134,9.57E-05,0.199187,0.000152385,0.907509
6,toluene,toluene,108-88-3,110.6,109.6,1312,2.25E-06,0.263178,0.0540295,22.5646,0.00299708,2.53994,1.05658,30.853,3.64244,40.9649,0.709343,14.806,0.001341,1.34438,0.000281031,0.364255,0.266044,19.2689,0.0004669,7.62736
7,chcl3,chcl3,67-66-3,61.1,60.1,556,0.000734664,0.0321468,0.0307294,0.553461,0.216919,0.98853,0.54303,3.09457,2.26768,9.76203,1.07957,4.21308,4.39243,6.22446,1.91826,2.88226,1.01007,4.46372,0.000265461,0.0280339
8,thf,Tetrahydrofuran,109-99-9,65,64,2775,0.0524046,0.916639,0.081061,1.70413,0.0379389,0.810312,1.98756,10.0874,13.9636,31.2636,8.89913,19.112,0.0214748,0.428894,0.0121449,0.214658,3.91397,16.2522,0.000700821,0.103944
9,thp,Tetrahydropyran,142-68-7,88,87,18800,0.00779213,1.10972,0.0804967,7.33539,0.00516292,0.762566,2.03579,20.9306,7.1863,33.677,3.87663,17.851,0.0064247,0.723214,0.00323971,0.302043,0.644438,13.3432,0.000695904,1.15546
10,cyclohexane,cyclohexane,110-82-7,80.7,79.7,1319,8.85E-08,0.000906749,0.135618,6.86629,2.56E-06,0.00174282,3.9976,23.9615,0.189309,4.60544,0.0644877,1.15872,3.85E-05,0.012671,4.70E-06,0.0021723,0.000272748,0.0449558,0.00117347,0.842037
11,n-heptane,n-heptane,142-82-5,98.5,97.5,1430,6.68E-08,0.00627724,0.108465,15.27,1.36E-06,0.00464815,2.85633,29.3102,0.097369,5.20803,0.0458513,1.68924,2.37E-05,0.0323589,2.89E-06,0.00597729,0.000111504,0.064108,0.000938198,3.73865
12,triethylamine,triethylamine,121-44-8,89,88,1550,0,7.66601,0.102196,8.73731,0.000110268,0.0353267,2.76087,23.1542,0.783691,12.943,0.537246,4.69569,0.00357651,0.172334,0.00256376,0.073362,0.00681546,0.60389,0.000883882,1.46934
13,propyleneglycol,propylene_glycol,57-55-6,187.6,120,2290,0.00461072,12.4401,0.00208871,3.23292,5.89E-07,0.032312,0.00424179,0.600192,0.000230726,0.264656,0.036497,3.81505,0.0046867,1.66829,0.00184042,0.708076,3.62E-07,0.0140034,1.81E-05,1.55734
14,dimethylsulfoxide,dimethylsulfoxide,67-68-5,189,120,3500,1.2609,35.3303,0.00847349,5.2659,0.04174,8.27386,0.049,1.67906,1.45108,18.1951,8.39491,33.2395,0.0144771,3.04304,0.00789444,1.64717,0.648457,15.5351,7.33E-05,2.64884
15,hexane,hexane,110-54-3,68.7,67.7,961.49,7.85E-08,0.000146332,0.128799,3.11122,2.10E-06,0.000392266,3.56877,16.1821,0.148302,1.86359,0.056912,0.578028,3.17E-05,0.00343279,3.85E-06,0.000550348,0.00019607,0.011591,0.00111434,0.226663
16,acetylacetone,acetylacetone,123-54-6,138,120,844,0.000527757,6.62643,0.00654888,8.23833,0.00149947,2.02435,0.0352179,3.02385,0.480787,22.9839,2.09437,23.661,0.00122027,1.66764,0.000546481,0.701477,0.036385,8.69704,5.66E-05,3.72112
17,tert-butanol,tert-butanol,75-65-0,82.4,81.4,1461,0.00450682,0.870071,0.0252902,2.10588,2.84E-05,0.0225963,0.255398,3.79977,0.0405752,1.99315,0.186312,3.28119,0.0116214,0.708127,0.00517811,0.302586,0.000245662,0.0941237,0.000218602,0.262316
18,ethylacetate,ethyl_acetate,141-78-6,77.1,76.1,1494,0.00119283,0.281551,0.0288252,1.60342,0.00798528,0.536704,0.393072,4.2693,5.38722,24.9121,4.48558,16.28,0.00552913,0.368937,0.00256248,0.159182,0.690365,9.89307,0.000249147,0.161525
19,isopropylamine,isopropylamine,75-31-0,31.7,30.7,1360,11.1126,11.6502,0.0537713,0.0896615,0.0142776,0.0268636,0.845092,1.14201,1.84808,2.70108,3.26009,4.17425,0.0509467,0.078809,0.030144,0.0464356,0.267804,0.465805,0.0004648,0.0010642
20,diphenylether,diphenylether,101-84-8,258,120,2170,1.86E-06,0.442716,0.0163487,18.5345,0.000970767,1.41513,0.186362,13.0038,0.775559,25.2938,0.274443,8.80101,0.000646601,1.03215,0.000143498,0.294339,0.0433023,8.04651,0.000141285,7.77164
21,dodecane,dodecane,112-40-3,216.3,120,4080,3.97E-08,0.0421229,0.0635625,32.4561,3.86E-07,0.00915868,1.43799,31.0711,0.0286538,4.05743,0.0235299,1.99908,9.89E-06,0.0694214,1.21E-06,0.0139405,2.19E-05,0.0589167,0.000549557,16.1988
22,dimethylformamide,dimethylformamide,68-12-2,153,120,2559.19,0.167752,30.8026,0.0204049,16.2081,0.154304,18.3548,0.207871,8.99778,7.37741,47.8679,12.0747,41.9121,0.0226289,7.34856,0.0130536,4.0003,4.47598,37.657,0.000176445,7.47452
23,"2,3-dihydropyran","2,3-dihydropyran",110-87-2,86,85,3000,7.48E-05,0.112316,0.0527038,5.03055,0.00428899,0.723403,1.02566,14.4262,5.0871,31.1805,1.93327,13.5543,0.00326816,0.525065,0.00104019,0.170405,0.441884,12.2009,0.000455439,0.714323
24,methylacetate,methylacetate,79-20-9,56.8,55.8,700,0.00140072,0.0509512,0.0193158,0.264784,0.0116307,0.173186,0.195369,0.967504,4.87437,14.895,5.36285,12.2539,0.00596281,0.0939634,0.00275363,0.0419697,0.806922,4.97074,0.000166965,0.0111046
25,ethanol,ethanol,64-17-5,78.2,77.2,850,0.0134713,1.76614,0.0124734,0.873345,2.39E-05,0.0152413,0.0688397,1.01941,0.0142057,0.66993,0.176574,2.77467,0.0228956,0.945336,0.00992221,0.422882,8.44E-05,0.0311356,0.000107831,0.092581
26,cyclohexanol,cyclohexanol,108-93-0,160.8,120,1150,0.00221348,7.68889,0.0207882,22.1268,7.16E-06,0.259564,0.20898,14.672,0.0168175,8.40549,0.0896888,8.62565,0.00788111,3.6781,0.00343151,1.5126,5.50E-05,0.703416,0.000179686,9.7564
27,butanone,butanone,78-93-3,79.5,78.5,1075,0.0046285,0.843741,0.0347995,2.25202,0.0210693,1.44648,0.489353,5.7429,6.92981,30.871,6.49638,21.782,0.0091954,0.65978,0.0045721,0.301364,1.39824,16.3241,0.000300801,0.250253
28,h2o,h2o,7732-18-5,100,99,6.5,5.71E-05,0.0242914,7.05E-08,6.41E-05,8.44E-19,2.47E-14,8.38E-11,2.14E-08,7.93E-18,6.05E-14,2.81E-08,7.62E-06,1.02E-06,1.68E-06,2.63E-07,5.75E-07,1.28E-25,5.59E-20,6.09E-10,1.60E-05
29,benzene,benzene,71-43-2,80,79,1420,3.81E-06,0.0144562,0.0432755,3.05416,0.00923744,0.914112,0.714442,9.62522,5.25521,29.3117,0.98659,8.12129,0.00232024,0.295697,0.000509304,0.0773066,0.730314,13.0242,0.000373903,0.341533
30,"1,4-dimethylbenzene","1,4-dimethylbenzene",106-42-3,138.3,120,1113,1.41E-06,0.490741,0.0586918,38.5742,0.00110203,2.18584,1.243,38.3335,2.3443,41.1844,0.50303,15.0873,0.000778958,1.56376,0.000156331,0.417585,0.0990556,16.306,0.000507262,18.9775
31,acetonitrile,acetonitrile,75-05-8,81.6,80.6,2200,0.000514028,0.331276,0.000883659,0.121515,0.00312279,0.469245,0.000900364,0.0314919,0.0111973,0.416226,0.654436,5.77067,0.000164434,0.0325741,6.87E-05,0.0137937,0.0029289,0.320568,7.64E-06,0.0149409
32,ccl4,ccl4,56-23-5,76.8,75.8,646,5.92E-08,0.000330828,0.0324095,1.66487,2.36E-06,0.000955578,0.602096,6.08574,0.0755751,1.61268,0.09809,1.17533,2.22E-05,0.00495979,3.03E-06,0.000904414,0.000162719,0.0192366,0.000279985,0.163505
33,cs2,Carbon_disulfide,75-15-0,46,45,750,3.14E-08,1.76E-06,0.0490435,0.277871,0.000302785,0.00327944,0.950828,2.7575,13.5559,22.5822,1.07296,2.80562,2.84E-05,0.00035989,3.33E-06,4.91E-05,0.208735,1.09413,0.000423494,0.0069125
34,dioxane,dioxane,123-91-1,101.5,100.5,2740,0.00714097,4.4389,0.0176121,5.23898,0.006846,2.22713,0.176811,5.68978,2.25326,29.9923,4.56787,24.3632,0.00514241,1.50971,0.00253436,0.674246,0.310072,15.1173,0.00015224,1.27794
35,resorcinol,resorcinol,108-46-3,280,120,7261,3.67879,31.2179,0.000562104,1.24932,0.0485996,2.20187,0.000614651,0.161261,0.000378136,0.310161,0.0169801,2.17882,0,0,0,0,6.86E-05,0.140893,4.86E-06,0.615124
36,acetaldehyde,acetaldehyde,75-07-0,20.1,19.1,2400,0.00503283,0.00235832,0.0186772,0.0107008,0.105353,0.0620108,0.156674,0.112583,9.1652,7.48039,11.9408,10.3726,0.0126977,0.00702125,0.00615493,0.00342247,4.57195,3.39369,0.000161494,6.58E-05
37,"1,2-dimethoxyethane","1,2-dimethoxyethane",110-71-4,85,84,3500,0.0255048,2.47141,0.0364688,3.06431,0.0230277,1.67428,0.569848,6.94273,7.01123,30.0447,7.56582,22.6745,0.0108241,0.819784,0.00599403,0.398354,1.56517,16.2469,0.000315268,0.423933
38,pyridine,pyridine,110-86-1,115.2,114.2,3180,0.0572707,10.342,0.0115947,11.9528,0.0212929,10.6208,0.0820255,7.39699,1.25564,40.4097,1.41719,23.1058,0.00430014,2.78064,0.00197808,1.13879,0.362414,27.9313,0.000100215,4.19868
39,diethylether,diethylether,60-29-7,34.5,33.5,3553,0.0024938,0.00577508,0.109606,0.225545,0.00345397,0.00789228,3.03386,4.40743,8.02171,10.8394,2.98457,3.97095,0.00464202,0.0102706,0.00205916,0.00440328,0.510332,0.907842,0.000947869,0.00311758
40,methyl-t-butylether,methyl-t-butylether,1634-04-4,55.2,54.2,1470,0.00618053,0.0666397,0.0863701,0.884598,0.00186081,0.0271391,2.17247,7.34206,4.35948,12.8708,2.23525,5.67753,0.00366138,0.0439,0.00174619,0.0186092,0.197935,1.34404,0.000746746,0.0345519
41,diglyme,diglyme,111-96-6,162,120,1000,0.017295,12.8849,0.019419,16.2192,0.00673809,3.80082,0.229706,10.4127,2.20691,32.4191,4.57677,26.7474,0.00446789,2.4972,0.0024684,1.15148,0.300257,16.8523,0.000167875,7.28562
42,chlorobenzene,chlorobenzene,108-90-7,131.7,120,1700,2.81E-06,0.740486,0.0314852,32.9389,0.00371732,4.43188,0.50351,31.2955,2.73733,41.5396,0.599369,16.8965,0.00216618,2.75866,0.000445419,0.779879,0.246144,21.5786,0.00027203,14.4054
43,"1,2-dichloroethane","1,2-dichloroethane",107-06-2,83.5,82.5,761,3.93E-05,0.103124,0.00402603,0.599438,0.00571566,0.690121,0.0177327,0.595579,0.197244,5.73558,0.933074,8.40789,0.00848638,0.727168,0.00221876,0.225777,0.0370244,2.5473,3.48E-05,0.0773754
44,nitromethane,nitromethane,75-52-5,101.1,100.1,11400,2.62E-05,0.524266,0.000141812,0.213135,3.43E-06,0.0235704,5.97E-05,0.0284018,0.000352712,0.247542,0.10353,4.65854,0.00012155,0.178407,3.84E-05,0.0645099,3.02E-06,0.0235461,1.23E-06,0.0545094
45,n-methyl-2-pyrrolidinone,n-methyl-2-pyrrolidinone,872-50-4,202,120,2400,0.253359,26.7422,0.0253051,19.5331,0.0889716,13.5041,0.331842,13.2229,7.32326,45.03,10.9023,37.1189,0.0226247,6.1796,0.0136258,3.34503,3.54592,33.2362,0.000218783,8.74159
46,ethylacetoacetate,ethyl_acetoacetate,141-97-9,180.8,120,1682,0.0002329,3.99986,0.00389884,5.42625,0.000334413,0.724531,0.0162719,1.70864,0.0976392,9.58473,0.862509,15.4132,0.000596485,0.927351,0.000250867,0.37565,0.00428608,2.37767,3.37E-05,2.50656
47,camphene,camphene,79-92-5,160,120,750,2.34E-07,0.133456,0.0749804,36.9264,1.65E-05,0.122528,1.88735,37.0501,0.296045,20.6092,0.109928,5.85291,8.99E-05,0.328946,1.41E-05,0.0750914,0.00139263,1.16578,0.000648313,18.9312
48,dipentene,dipentene,138-86-3,176,120,2200,4.58E-07,0.2041,0.0671876,35.8446,6.48E-05,0.287731,1.59334,35.5504,0.567115,25.4263,0.191426,7.89513,0.000183687,0.515904,3.24E-05,0.125661,0.00551769,2.73761,0.000580855,18.0363
49,diethyleneglycol,diethyleneglycol,111-46-6,245.8,120,929,0.00813332,12.6978,0.00551564,6.81141,2.70E-05,0.311124,0.0250826,2.27512,0.014649,4.26451,0.366262,13.0445,0.00252058,1.74856,0.00120965,0.789661,0.000142663,0.610287,4.77E-05,3.16352
50,hexamethylphosphoramide,hexamethylphosphoramide,680-31-9,232.5,120,5800,0.529869,16.4257,0.0294345,21.3184,0.0111716,3.66884,0.510736,17.9254,3.57944,32.1303,4.89306,22.739,0.0110609,2.63263,0.00726543,1.33838,0.610534,16.5614,0.000254422,9.54107
51,styrene,styrene,100-42-5,145,120,1197,2.71E-06,0.76236,0.0298334,31.9227,0.00413333,4.77579,0.417147,28.2158,2.28929,41.8685,0.580714,16.3305,0.00140183,2.29878,0.000303671,0.657842,0.229271,21.9031,0.000257791,13.8924
52,pyrrole,pyrrole,109-97-7,129.7,120,3500,0.000871363,11.7558,0.00214423,5.46915,0.0594103,15.7692,0.00480126,1.27586,0.0435843,16.1301,0.303291,15.9422,0.380717,14.7504,0.124537,6.84967,0.031029,18.279,1.85E-05,2.45625
53,naphthalene,naphthalene,91-20-3,217.9,120,1140,2.14E-06,0.604836,0.0221682,25.531,0.0027882,3.33667,0.280455,20.5431,1.46736,34.8618,0.41465,12.5808,0.00100122,1.65915,0.000215113,0.470761,0.132678,16.0756,0.000191558,10.6835
54,propylenecarbonate,propylene_carbonate,108-32-7,242,120,2600,0.00014897,3.76636,0.000965306,1.9313,6.62E-05,0.276578,0.00157719,0.327231,0.00939175,2.11062,0.439123,11.4131,0.000149884,0.431387,6.00E-05,0.17432,0.000278511,0.444537,8.35E-06,0.93502
55,1-butanol,1-butanol,71-36-3,117.7,116.7,2252,0.00400298,10.1357,0.0213264,18.4388,1.52E-05,0.383087,0.191569,12.4485,0.0218602,9.21689,0.123785,10.1994,0.0184116,5.42884,0.00800584,2.36473,9.70E-05,0.966003,0.000184349,7.54293
56,aceticanhydride,acetic_anhydride,108-24-7,139.5,120,1610,0.000132791,4.37677,0.00455823,6.85155,0.000848375,1.62765,0.0203944,2.31219,0.370851,22.9853,1.61385,22.3132,0.000844511,1.547,0.000347633,0.625742,0.0219887,7.8867,3.94E-05,3.08753
57,benzonitrile,benzonitrile,100-47-0,191.1,120,4000,5.32E-05,2.2256,0.00468749,8.69502,0.00568838,6.372,0.019926,2.96229,0.204201,23.8133,0.383013,13.3604,0.000621,1.23637,0.000208464,0.434323,0.0425504,14.7124,4.05E-05,3.72828
58,benzaldehyde,benzaldehyde,100-52-7,179,120,2106,0.000144767,3.22941,0.00834259,13.8968,0.00247883,3.69155,0.0537806,6.45446,0.641255,33.1855,0.750131,17.9374,0.00121068,1.96151,0.000445624,0.721477,0.0622688,15.5619,7.21E-05,5.68813
59,isophorone,isophorone,78-59-1,215.2,120,2500,0.00579,8.21935,0.0259937,22.109,0.00365905,2.97011,0.369584,17.0917,1.89466,33.3344,2.72353,23.0067,0.00331108,2.24789,0.00173557,0.97184,0.180359,15.3038,0.000224674,9.73081
60,aceticacid,acetic_acid,64-19-7,117.9,116.9,740,0.0535557,20.5549,0.00137014,1.97886,9.04E-06,0.103389,0.00216931,0.330738,0.00129936,0.56794,0.0891618,5.19309,13.0521,17.0922,7.88759,9.32878,5.10E-06,0.047127,1.18E-05,0.87167
